method,mean_WSEE,median_WSEE,n
Labels(env),36.08962631225586,13.294751167297363,50000
ANN(env),36.35016632080078,13.415557861328125,50000
RL(env),104.25108337402344,42.201934814453125,50000
